{
  "tsup.config.base.ts": 1775291527.4757848,
  "packages\\core\\audio\\tsup.config.ts": 1774881183.3914046,
  "packages\\core\\audio\\src\\constants.ts": 1774980097.9238122,
  "packages\\core\\audio\\src\\index.ts": 1775289000.6600184,
  "packages\\core\\audio\\src\\core\\audio-core.ts": 1775908626.5527463,
  "packages\\core\\audio\\src\\core\\audio-worklet.ts": 1775288646.7875364,
  "packages\\core\\audio\\src\\core\\index.ts": 1774881183.388347,
  "packages\\core\\audio\\src\\devices\\beeper.ts": 1774980171.216287,
  "packages\\core\\audio\\src\\devices\\index.ts": 1774881183.388347,
  "packages\\core\\audio\\src\\devices\\music.ts": 1775475609.1681976,
  "packages\\core\\audio\\src\\devices\\sound.ts": 1775908618.1633651,
  "packages\\core\\image\\tsup.config.ts": 1774881183.3991325,
  "packages\\core\\image\\src\\blending.ts": 1774881183.3935518,
  "packages\\core\\image\\src\\index.ts": 1775289000.6618893,
  "packages\\core\\image\\src\\core\\color.ts": 1774881183.3940659,
  "packages\\core\\image\\src\\core\\context.ts": 1774881183.3945765,
  "packages\\core\\image\\src\\core\\drawing.ts": 1774881183.3945765,
  "packages\\core\\image\\src\\core\\font.ts": 1774881183.3945765,
  "packages\\core\\image\\src\\core\\image.ts": 1775002068.0251749,
  "packages\\core\\image\\src\\core\\map-rendering.ts": 1774881183.3961105,
  "packages\\core\\image\\src\\core\\pixel.ts": 1774881183.3961105,
  "packages\\core\\image\\src\\core\\shapes.ts": 1774881183.3961105,
  "packages\\core\\image\\src\\core\\sprite-rendering.ts": 1774881183.397117,
  "packages\\core\\image\\src\\core\\text.ts": 1774881183.397621,
  "packages\\core\\image\\src\\core\\transform.ts": 1774881183.397621,
  "packages\\core\\input\\tsup.config.ts": 1774881183.4055314,
  "packages\\core\\input\\src\\index.ts": 1775289000.6638937,
  "packages\\core\\input\\src\\core\\input-manager.ts": 1775908659.0526998,
  "packages\\core\\input\\src\\devices\\gamepad.ts": 1774881183.4019935,
  "packages\\core\\input\\src\\devices\\keyboard.ts": 1775051797.3885672,
  "packages\\core\\input\\src\\devices\\mouse.ts": 1774881183.4025137,
  "packages\\core\\input\\src\\devices\\touch.ts": 1774881183.403519,
  "packages\\core\\input\\src\\shared\\constants.ts": 1774881183.404023,
  "packages\\core\\input\\src\\shared\\utils.ts": 1774881183.4050276,
  "packages\\core\\input\\src\\types\\index.ts": 1774881183.4055314,
  "packages\\core\\map\\tsup.config.ts": 1774881183.4108956,
  "packages\\core\\map\\src\\index.ts": 1775289000.6664479,
  "packages\\core\\map\\src\\core\\tile-map.ts": 1775908658.9805698,
  "packages\\core\\map\\src\\data\\loader.ts": 1775289000.6654408,
  "packages\\core\\map\\src\\data\\types.ts": 1775289000.6654408,
  "packages\\core\\map\\src\\drawing\\renderer.ts": 1775908658.967122,
  "packages\\core\\map\\src\\shared\\references.ts": 1774881183.4093752,
  "packages\\core\\palette\\tsup.config.ts": 1774881183.4154549,
  "packages\\core\\palette\\src\\index.ts": 1775289000.6684465,
  "packages\\core\\palette\\src\\core\\palette.ts": 1775908644.4634242,
  "packages\\core\\palette\\src\\types\\index.ts": 1774881183.4149396,
  "packages\\core\\player\\tsup.config.ts": 1775025567.36262,
  "packages\\core\\player\\src\\index.ts": 1775025590.029385,
  "packages\\core\\player\\src\\player-service.ts": 1775026042.6779542,
  "packages\\core\\player\\src\\types.ts": 1775026036.6384585,
  "packages\\core\\screen\\tsup.config.ts": 1774881183.4290202,
  "packages\\core\\screen\\src\\index.ts": 1775289000.6718462,
  "packages\\core\\screen\\src\\core\\base-screen.ts": 1775908658.9479318,
  "packages\\core\\screen\\src\\core\\index.ts": 1774881183.4244223,
  "packages\\core\\screen\\src\\core\\screen.ts": 1775289000.6708388,
  "packages\\core\\screen\\src\\drawing\\primitives-screen.ts": 1775908644.53789,
  "packages\\core\\screen\\src\\drawing\\sprite-screen.ts": 1775908644.5005052,
  "packages\\core\\screen\\src\\drawing\\text-screen.ts": 1775051551.5172017,
  "packages\\core\\screen\\src\\tri\\index.ts": 1774881183.4274879,
  "packages\\core\\screen\\src\\tri\\triangle-screen.ts": 1775289000.6718462,
  "packages\\core\\screen\\src\\tri\\ttri.ts": 1775289000.6733537,
  "packages\\core\\screen\\src\\types\\index.ts": 1775289000.6733537,
  "packages\\core\\sprites\\tsup.config.ts": 1774881183.4321907,
  "packages\\core\\sprites\\vitest.config.ts": 1774881183.433784,
  "packages\\core\\sprites\\src\\index.ts": 1775289000.6733537,
  "packages\\core\\sprites\\src\\sprite.ts": 1775289000.6748712,
  "packages\\core\\time\\tsup.config.ts": 1774881183.4397504,
  "packages\\core\\time\\src\\constants.ts": 1774980099.474538,
  "packages\\core\\time\\src\\index.ts": 1775289000.675877,
  "packages\\core\\time\\src\\utils.ts": 1775024605.843671,
  "packages\\core\\time\\src\\core\\index.ts": 1774881183.4356275,
  "packages\\core\\time\\src\\core\\machine.ts": 1775908626.5419922,
  "packages\\core\\time\\src\\playback\\index.ts": 1774881183.4366336,
  "packages\\core\\time\\src\\playback\\player.ts": 1775345902.9120545,
  "packages\\core\\time\\src\\recording\\index.ts": 1774881183.4366336,
  "packages\\core\\time\\src\\recording\\recorder.ts": 1775024634.019338,
  "packages\\core\\time\\src\\types\\index.ts": 1775289000.675877,
  "packages\\core\\time\\src\\types\\state.ts": 1774881183.4382172,
  "packages\\enggine\\io\\tsup.config.ts": 1774881183.4427814,
  "packages\\enggine\\io\\src\\index.ts": 1775289000.6768787,
  "packages\\enggine\\io\\src\\storage\\index.ts": 1775908465.4211154,
  "packages\\enggine\\runtime\\tsup.config.ts": 1774881183.4669356,
  "packages\\enggine\\runtime\\src\\constants.ts": 1775009617.495453,
  "packages\\enggine\\runtime\\src\\index.ts": 1775475852.4282138,
  "packages\\enggine\\runtime\\src\\assets\\constructors.ts": 1775289000.6783817,
  "packages\\enggine\\runtime\\src\\assets\\index.ts": 1775024214.336272,
  "packages\\enggine\\runtime\\src\\assets\\loader.ts": 1775289000.6783817,
  "packages\\enggine\\runtime\\src\\core\\api-factory.ts": 1775907741.6143973,
  "packages\\enggine\\runtime\\src\\core\\assets-registry.ts": 1775343277.4246826,
  "packages\\enggine\\runtime\\src\\core\\controller.ts": 1775907741.6143973,
  "packages\\enggine\\runtime\\src\\core\\debug-logger.ts": 1775289000.679387,
  "packages\\enggine\\runtime\\src\\core\\error-handler.ts": 1775907840.148112,
  "packages\\enggine\\runtime\\src\\core\\index.ts": 1775344780.6586175,
  "packages\\enggine\\runtime\\src\\hot-reload\\index.ts": 1774881183.4518623,
  "packages\\enggine\\runtime\\src\\hot-reload\\updater.ts": 1775475755.3976247,
  "packages\\enggine\\runtime\\src\\input\\index.ts": 1774881183.4518623,
  "packages\\enggine\\runtime\\src\\input\\manager.ts": 1775289000.6809268,
  "packages\\enggine\\runtime\\src\\loop\\game-loop.ts": 1775051501.6417506,
  "packages\\enggine\\runtime\\src\\loop\\index.ts": 1774881183.459354,
  "packages\\enggine\\runtime\\src\\storage\\index.ts": 1775289000.6809268,
  "packages\\enggine\\runtime\\src\\system\\api.ts": 1775475960.657407,
  "packages\\enggine\\runtime\\src\\system\\index.ts": 1774881183.4608636,
  "packages\\enggine\\runtime\\src\\types\\assets.ts": 1774881183.4608636,
  "packages\\enggine\\runtime\\src\\types\\bridge.ts": 1775907741.6154287,
  "packages\\enggine\\runtime\\src\\types\\index.ts": 1775475919.1446986,
  "packages\\enggine\\runtime\\src\\types\\runtime.ts": 1775908272.980728,
  "packages\\enggine\\runtime\\src\\types\\vm.ts": 1775289000.682734,
  "packages\\enggine\\runtime\\src\\utils\\deep-clone.ts": 1775475860.6473513,
  "packages\\enggine\\runtime\\src\\utils\\index.ts": 1775475885.0884106,
  "packages\\enggine\\runtime\\src\\utils\\object-pool.ts": 1774881183.4638948,
  "packages\\enggine\\runtime\\src\\utils\\shallow-equal.ts": 1775475865.8604193,
  "packages\\enggine\\runtime\\src\\vm\\index.ts": 1775289000.682734,